plateifu,Predicted_Class,Actual_Class,Type
12518_9101,S,S,SABc       
9890_12702,S,S,SBb        
8625_3703,S,S,SBab       
8547_12702,S,S,Sc         
10218_12702,S,S,SABc       
8143_1901,S,E,E          
8591_6102,E,E,E          
8461_3703,E,E,E          
8488_6101,S,S,Sa         
8596_6103,S,S,Sdm        
10500_6104,S,S,SABb       
9883_9102,S,S,SABbc      
9496_1901,S,S,Sc         
11755_12704,S,S,Sbc        
11748_12701,S,S,SBb        
8243_9102,S,E,E          
8456_3702,E,E,E          
9001_6102,S,S,Sd         
11020_1902,S,S,S-merger   
9506_12704,S,S,SABb       
8087_9102,S,S,Sbc        
11759_12701,S,S,SBab       
11025_12705,E,E,Edc        
8564_6104,S,S,SBm        
10505_12704,S,S,SABb       
11953_6101,S,S,SABab      
9040_3701,E,E,E          
8133_3704,S,S,Sd         
9862_6101,E,S,Sa         
9490_9101,E,E,E          
12075_3702,E,S,SABab      
10843_3702,S,S,SABab      
8547_3703,S,E,E          
11014_12701,S,S,Sb         
8711_12702,S,S,Sm         
8135_3703,E,E,E          
10842_1901,S,S,Sa         
8725_6104,E,E,E          
12488_6101,S,S,Sa         
9886_1901,S,S,SBa        
9892_6103,S,S,Sab        
11831_12704,S,S,SABc       
10837_12704,S,S,SABcd      
10220_12705,S,S,SABc       
9886_6101,E,E,Edc        
8451_1901,E,E,Edc        
8449_9102,S,S,SABc       
11009_3703,S,S,SABa       
10493_12705,S,S,SABc       
9868_6101,S,S,SBbc       
8481_12702,S,S,Sbc        
10514_12705,S,S,Sb         
7990_3702,S,S,Sbc        
8096_6104,E,E,Edc        
8992_6101,S,S,SBab       
9496_3703,S,S,SBb        
10515_1902,S,S,SABa       
8616_12704,S,S,SABbc      
7979_6102,S,S,Sb         
8483_3704,S,S,Sb         
8459_9102,S,S,Sdm        
11948_12705,E,E,Edc        
8986_12705,S,S,Sc         
9873_9101,S,E,E          
11962_1901,E,E,E          
9491_1902,S,S,Sab        
8341_6103,S,S,Sa         
8589_9102,S,S,Sbc        
11942_6101,S,S,Sa         
10215_12705,S,S,Sbc        
8449_6103,S,S,Sa         
10844_3701,E,E,Edc        
8250_1901,E,E,Edc        
10501_1901,S,S,Sab        
10223_12701,E,E,E          
9186_9102,S,S,Sa         
8462_9101,S,S,Sc         
8085_12702,S,S,SBd        
9035_12701,S,S,SABcd      
8450_1902,S,S,SABa       
9891_3704,E,E,Edc        
8075_3703,S,S,SABdm      
11950_3702,E,E,Edc        
11978_12701,S,S,SABb       
7992_9102,S,S,SBab       
8140_9101,S,S,SABb       
8720_1902,S,S,SBbc       
8144_12703,S,S,SABb       
8084_6101,S,S,SBab       
10519_6102,S,S,Sb         
8333_9101,E,E,Edc        
9042_6102,S,S,Sb         
8981_1902,S,S,Sab        
10499_12705,S,S,SABd       
8611_3702,S,S,SBa        
12495_12701,S,S,Sb         
8723_1901,S,S,SABa       
8606_12705,S,S,SABb       
11978_12705,S,S,SABc       
11010_3701,S,S,Sa         
12769_3703,S,E,Edc        
11980_9102,S,S,Sc         
8597_6102,S,S,SBa        
8341_12702,E,E,E          
11748_3703,S,S,SABa       
10224_12703,S,S,SBc        
10215_6101,S,S,Sb         
11955_6102,E,E,Edc        
8155_12701,S,S,SBb        
11947_9101,E,E,E          
12679_6103,S,S,SBab       
11835_6103,S,S,Sb         
12511_12701,S,S,SABbc      
9870_12703,S,S,SABb       
10501_6103,S,S,SBab       
11977_12704,S,S,Sd         
8096_6102,S,E,Edc        
7990_3704,S,S,SBa        
8592_9101,S,S,SBbc       
8450_3701,E,E,E          
8613_12705,S,E,E          
8952_12702,S,S,Sa         
8097_3702,S,S,Sa         
8716_6103,S,S,Sb         
10518_6104,S,S,SABab      
8088_9102,S,S,SABbc      
9890_9102,E,E,Edc        
9087_3704,S,S,SABab      
8088_12701,S,S,SABc       
8952_6104,S,S,Sc         
9512_6103,S,S,SBab       
8952_12701,S,S,SBb        
8156_3701,S,S,Scd        
9188_12704,S,S,Sbc        
8606_12703,E,E,E          
9043_3703,E,E,Edc        
9873_1901,E,E,E          
8981_12701,E,E,E          
9041_3704,S,S,SBab       
8995_6103,E,E,E          
8546_9101,S,S,Sab        
8546_1901,E,S,SBa        
9874_12703,S,S,SABb       
8722_6101,S,S,Sa         
8481_12704,S,S,Sbc        
8989_3704,S,S,SBcd       
11013_6104,S,S,Sa         
8443_9101,S,S,SABb       
9883_3702,E,E,Edc        
8991_12705,S,S,Sbc        
10215_6104,S,S,Sbc        
8078_3704,S,S,SABc       
12772_9102,S,S,SABab      
10216_12704,S,S,Sa         
11867_3702,S,S,Sa         
12621_9101,S,S,SBab       
12088_12703,S,S,Sc         
11867_12701,S,S,SBcd       
12069_12701,S,S,SABcd      
10496_12701,S,S,Sab        
9094_12703,S,S,Sab        
7968_3701,S,S,SBbc       
12071_9102,S,S,SBm        
12621_12704,E,E,E          
8554_1902,E,E,E          
11951_3704,S,S,Sa         
8615_12701,S,S,SBb        
9037_6102,S,S,SBa        
9494_3702,E,E,E          
9000_6103,S,S,Sc         
9046_1902,E,S,Sa         
8078_1902,S,E,E          
9087_6104,S,S,Sa         
10494_6103,S,S,Sbc        
8252_3702,E,S,SBab       
8248_12704,S,S,Sbc        
8722_12705,S,S,Sc         
8488_1901,E,E,E          
9873_6103,E,S,SABa       
11021_12702,S,S,SBd        
8654_12701,S,S,SABb       
8250_6101,S,S,SBdm       
10223_6101,S,S,SBd        
9878_6101,S,S,SBab       
12082_9102,S,S,Scd        
8564_12705,S,S,SBb        
12066_12705,S,S,Sc         
9038_3704,E,S,SABab      
8651_6101,S,S,Sb         
9185_12703,E,E,Edc        
12700_6103,S,S,Scd        
8723_3703,S,S,SBab       
11867_12704,S,S,S          
11749_3703,S,S,SABa       
8247_12701,S,S,SABd       
10224_6101,S,S,Sbc        
8988_12705,S,S,SABd       
10513_12705,S,S,Sc         
8443_3704,S,S,Sa         
10495_12705,S,S,Sb         
12069_12704,S,S,SBbc       
8595_1902,S,S,SABab      
11004_3701,E,E,E          
10520_12702,S,S,SBab       
9490_3703,E,E,E          
8324_6103,S,S,Scd        
11952_12704,S,S,SABb       
8595_3702,S,S,SABbc      
11834_9101,S,S,SBab       
7960_6101,S,S,SABbc      
8247_6102,S,S,Scd        
10223_6104,S,S,Sb         
11833_6104,S,S,SBab       
12483_6101,S,S,SBa        
8942_12705,S,S,SABbc      
11957_9102,S,S,SBab       
11022_9102,E,E,Edc        
10520_6101,S,S,SBb        
8623_6104,S,S,SABab      
9875_12704,S,S,SBab       
12490_12704,S,S,SBd        
11974_6103,S,S,Scd        
10215_12703,S,S,SABd       
10214_6104,S,S,Sb         
8310_3701,S,S,SBa        
8086_12705,S,S,SABab      
7962_12703,S,S,SBbc       
8248_3704,S,E,Edc        
8080_3704,S,S,Sab        
11021_9102,S,S,Sc         
10514_12702,S,S,SABcd      
8253_12701,S,S,Sbc        
10837_6103,E,E,E          
8553_12705,S,S,SBab       
12071_3703,E,E,Edc        
8245_12701,S,S,Sc         
9485_12705,S,S,SABb       
9194_9102,E,E,E          
12071_9101,S,S,Sc         
9504_12702,S,S,SABcd      
9189_3701,E,S,SBa        
8252_6101,S,S,SBc        
8459_6101,S,S,SBa        
10517_12705,E,E,Edc        
8325_12703,S,S,SBb        
8721_12702,S,S,Sbc        
8566_12704,S,S,SABc       
8622_12702,E,S,S          
8983_3701,E,E,E          
8314_9101,S,S,Sc         
8570_12705,S,S,SABbc      
8459_9101,S,S,Sm         
8710_12703,S,S,Sm         
7977_12702,E,E,Edc        
12679_12701,S,S,Sc         
8157_3701,S,S,SABab      
10226_1901,S,S,Sbc        
11752_6101,E,E,Edc        
11010_12704,S,S,SABc       
8567_12701,S,S,Sc         
8487_12703,S,S,Sc         
10517_6102,S,S,SABab      
9488_3704,E,E,Edc        
9194_3703,E,E,E          
8721_9101,S,S,SBab       
9195_3704,S,S,SABab      
11022_12701,S,S,SABc       
8150_9102,S,S,SABab      
8441_6104,S,S,SABbc      
7960_3704,S,S,SABd       
12700_12703,S,S,Sb         
11863_12702,S,S,SBa        
9893_3703,S,S,SBa        
8158_3704,E,S,Sb         
10500_6103,E,E,Edc        
7443_3701,S,S,SABcd      
11748_12703,S,S,Scd        
10214_3704,E,E,E          
9486_12704,S,S,SBc        
8613_3703,S,S,Sb         
8155_9102,S,S,SABbc      
12679_9101,S,S,S          
11759_9101,S,S,Sc         
9091_12705,S,E,E          
8485_9101,E,E,Edc        
11758_9101,S,S,SABcd      
12620_12703,S,S,Sc         
8947_12702,S,S,SABab      
11951_12703,S,S,Sc         
8155_6104,S,S,SABab      
9863_3701,S,S,Sc         
10493_3701,S,S,Sbc        
8261_3704,E,E,E          
7977_1902,S,S,SABbc      
10509_3702,E,E,Edc        
10219_3701,S,S,Sa         
8139_12704,S,S,Sc         
12489_6102,S,S,SBab       
10216_12705,S,S,Sc         
8331_12704,S,S,SBab       
12079_12701,S,S,Sc         
11974_12705,E,E,E          
8991_12703,S,S,Sb         
8462_1902,E,S,SBb        
8944_9101,S,S,Sc         
8996_12703,S,S,SBd        
9511_3701,S,S,SBa        
10839_3702,E,E,E          
9497_12702,S,S,Sc         
8603_12704,S,S,SABa       
8619_3703,S,S,SBa        
11978_12703,S,S,SABbc      
7979_12705,S,S,Sd         
9489_12704,S,S,Scd        
11967_12702,S,S,SABbc      
8309_6104,S,S,SBab       
10514_3702,E,E,E          
9863_6101,S,S,SBa        
8438_1902,S,S,SABc       
8441_3703,E,E,E          
8714_1902,S,E,Edc        
8949_3704,E,E,Edc        
8083_12702,S,S,Sc         
8095_1902,S,S,Sa         
11760_3703,S,S,Sa         
12074_12705,S,S,SBd        
8567_1902,S,S,SBc        
8455_12701,S,S,SBbc       
8309_6101,S,S,SABa       
8091_6101,S,S,SBb        
8988_6102,S,S,Sab        
10520_12704,S,S,SABc       
12684_3704,E,E,E          
8449_3704,E,E,E          
11872_12701,E,E,E          
9040_12704,S,S,Sb         
11982_9102,S,S,SBb        
9026_3702,E,E,Edc        
9512_3703,E,E,E          
8980_12701,S,S,SBcd       
11831_1901,S,S,SABa       
11980_1902,S,S,SBa        
9186_3703,S,S,SABb       
11017_3702,E,E,Edc        
10502_12704,S,S,Sb         
10495_3701,E,E,Edc        
7993_1902,E,E,E          
8081_1901,S,S,Sb         
10223_3701,S,S,S          
11011_12701,E,E,E          
9089_12703,S,S,S          
8941_3701,S,S,Sa         
7981_12705,E,E,E          
8623_3704,S,S,Sbc        
8989_12703,E,E,E          
8937_12703,S,S,Sc         
9881_9102,S,S,SABdm      
11948_6103,E,E,Edc        
11963_3702,E,E,Edc        
9499_6102,S,S,SABc       
7959_6104,E,E,Edc        
8438_12702,S,S,SABc       
8077_12704,S,S,Sc         
8146_1902,S,S,Sa         
11025_12701,S,S,Sc         
9048_3702,E,E,Edc        
8944_12705,S,S,SBbc       
8561_9102,S,S,Sab        
8444_12701,S,S,SBcd       
10838_3703,E,E,Edc        
12621_3701,E,S,SBa        
11951_6103,E,E,E          
9192_1902,S,S,SABab      
7959_3702,S,S,SABb       
9488_12701,S,S,Sc         
8336_9101,S,S,Sc         
9489_12701,E,E,Edc        
8259_12701,S,S,Scd        
8132_12702,S,S,SABc       
10224_12705,S,S,Sb         
11759_12702,S,S,Sc         
11962_6101,E,E,E          
8944_1901,S,S,SBcd       
8725_12705,S,S,Sab        
8256_9101,S,S,Sb         
10845_12702,S,S,SABc       
10840_6104,E,E,E          
8995_12702,S,S,SBdm       
8947_12704,S,S,SBb        
8323_6103,S,S,Sb         
8261_6103,S,S,SABab      
12092_12705,S,S,Sd         
11834_1901,E,E,Edc        
8093_1901,S,S,SBm        
8996_12705,S,S,Sb         
8591_9102,S,S,SABcd      
8145_9102,S,S,SBbc       
11746_9101,S,S,Sa         
8448_3702,S,S,SABbc      
11956_9101,S,S,Sc         
10501_9101,E,E,E          
7975_12703,S,S,Sc         
8936_6101,S,E,Edc        
7958_3703,S,S,SABa       
8613_6103,E,E,Edc        
7977_9101,S,S,SABa       
8445_1902,E,E,Edc        
12620_12701,S,S,SABb       
12490_6104,S,S,Sbc        
9487_6103,S,S,Sb         
8461_6102,S,S,Sab        
8458_6103,E,E,E          
12092_1902,S,S,Sbc        
9184_12702,S,S,Scd        
12682_6101,E,E,E          
11942_6103,S,S,Sbc        
8610_12704,S,S,SABm       
9002_6102,E,E,E          
8241_6101,S,S,Sc         
12484_1901,S,S,Sa         
8088_3702,E,E,E          
10500_6102,S,S,SABa       
8615_12704,E,E,E          
8312_6102,S,S,SABab      
8615_12702,S,S,SBcd       
8313_12701,S,S,SABbc      
9001_12705,S,E,E          
9187_12702,S,S,SABcd      
12085_3703,E,S,Sab        
8239_1902,S,S,Sc         
12067_9101,S,S,SABab      
11753_9102,E,E,E          
10515_12701,S,S,Sbc        
8597_3704,E,E,E          
12066_9101,S,S,Sb         
12093_6104,S,S,Sa         
8482_1902,S,S,SBb        
9192_6102,S,S,Sab        
9088_12701,S,S,Sbc        
10520_12703,S,S,SBcd       
9043_1901,S,S,Sa         
8597_3701,E,E,Edc        
8602_12705,S,S,SBc        
8258_12703,S,S,SBc        
8241_12701,S,S,SABcd      
8984_9101,E,E,Edc        
9495_12705,S,S,Sc         
8240_6104,S,S,Sc         
8084_3704,S,S,SBcd       
11014_6101,E,E,Edc        
8315_6101,S,S,SBb        
10216_1901,S,S,SABa       
11013_6101,S,S,Sab        
8317_12701,E,E,Edc        
8600_12703,E,E,Edc        
8329_12703,S,S,Sc         
8256_12703,S,S,Sab        
8327_3703,S,S,SABc       
8080_1902,S,S,Sb         
8313_9101,S,S,SABbc      
8461_12702,S,S,SBb        
11963_12705,S,S,Sc         
8338_6101,S,S,Sab        
8546_3703,E,E,Edc        
9033_3702,S,S,Sb         
9884_12704,S,S,Sd         
9885_6104,S,S,SBa        
8946_12701,E,E,Edc        
8080_12705,S,S,Sbc        
8992_3702,S,S,SBa        
8332_3703,E,S,Sab        
12685_12704,S,S,SABab      
11020_3702,S,S,Sb         
11751_12702,S,S,SABcd      
11747_3701,S,S,SBa        
10217_3704,S,S,SBab       
11957_12702,S,S,Sbc        
8939_12704,S,S,SABc       
8983_3703,S,S,SBb        
10837_1901,E,E,Edc        
7980_12702,S,S,Sb         
12622_12704,S,S,SABc       
8566_12702,S,S,Sbc        
11974_1902,S,S,Sa         
11984_9102,S,S,SBd        
9503_6101,E,S,SBa        
8319_6103,S,E,E          
12674_12703,S,S,SABbc      
8091_9102,E,E,E          
10508_12704,S,S,Sd         
8980_9102,S,S,Sc         
8592_12703,E,E,E          
10498_12702,S,S,SABcd      
9090_12702,S,S,SBcd       
12068_3701,E,E,Edc        
10496_9102,S,S,Sbc        
8610_6102,S,S,Sc         
8313_3704,E,E,E          
9087_12705,S,S,SABc       
12675_12703,S,S,SABa       
7962_12702,S,S,SBcd       
8446_9102,S,S,SBbc       
8092_1901,E,E,Edc        
11947_1901,S,S,Sbc        
11007_12705,E,E,Edc        
10222_12701,S,S,Sa         
11751_3702,S,S,SABab      
8465_6103,S,S,Sab        
9026_1901,S,S,Sa         
8263_1902,E,E,E          
8712_6102,S,S,SABcd      
10223_9101,S,S,S          
8565_6104,S,S,SBdm       
7443_12702,S,S,SABb       
11835_3704,S,S,SABbc      
9513_3703,S,S,SBb        
8336_1902,E,E,E          
11947_12705,S,S,Sbc        
9492_12703,S,S,Sbc        
12093_12703,S,S,Sc         
8240_6102,S,S,SABcd      
8153_1901,S,S,SABbc      
11955_12701,S,S,SBcd       
9095_6102,S,S,Sa         
8598_12702,S,S,Sc         
11006_3702,S,S,SABc       
11743_12704,S,S,SBb        
8548_6103,S,S,SABc       
8341_12704,S,S,SBbc       
8592_12701,S,S,SABcd      
12684_3702,E,E,E          
9890_12705,S,S,SBd        
8595_3703,S,E,E          
12769_12702,E,E,E          
8247_9102,E,E,E          
8487_12702,E,E,Edc        
8997_12702,S,S,Sa         
9484_12703,S,S,SBb        
12684_12701,S,S,Sbc        
7972_6101,E,E,Edc        
8485_12705,S,S,Sc         
12088_6104,S,S,Sb         
8486_1901,S,S,Sa         
12082_12702,S,S,SABbc      
11828_9102,S,S,Sdm        
8721_3704,E,E,E          
8715_6102,S,S,Scd        
9002_6103,S,S,Sa         
11824_3701,S,S,SBa        
8446_12703,S,S,SBd        
8314_9102,E,E,E          
8330_9102,S,S,SBb        
11863_6101,E,E,Edc        
9195_3703,S,S,SABa       
9489_6101,E,E,E          
7443_3703,S,E,E          
9043_6104,S,S,Sa         
8145_12702,E,E,E          
12081_9101,S,S,Sc         
9876_3701,S,S,SABa       
11940_12703,E,E,E          
8984_3704,S,S,SABa       
9187_6103,S,S,Sab        
8612_12703,S,S,Sc         
8552_12703,S,S,SABbc      
12700_12701,S,S,Sdm        
12084_3704,E,E,E          
12089_6103,S,S,Sb         
11832_9101,S,S,Sa         
7815_6101,S,S,SABc       
8604_3703,E,S,Sa         
8314_6104,E,E,E          
9088_12703,S,S,Sc         
8093_12703,S,S,SBa        
9496_12701,S,S,Sbc        
12490_3704,S,S,SABab      
8988_9102,S,S,SBab       
8081_3703,S,S,SABcd      
11834_12705,S,S,SBb        
11010_12701,E,E,Edc        
8984_9102,S,S,SBab       
9045_12705,E,E,Edc        
8245_6101,S,S,Sbc        
10497_12704,E,E,E          
12675_12705,E,E,Edc        
11742_9102,S,S,Sb         
8625_12701,S,S,Sa         
8565_6101,S,S,Sb         
10518_1902,S,S,Sab        
8996_12701,S,S,Sc         
8990_3704,E,E,E          
8651_6103,S,S,Sc         
9039_3701,E,E,Edc        
11979_3701,S,S,SBab       
8322_1901,S,S,SBab       
9865_9102,S,S,SABc       
9881_12705,S,S,SBb        
10225_6102,S,S,SABd       
8147_9102,S,S,SABcd      
10515_12703,E,E,E          
12484_6102,E,S,Sab        
9500_12701,S,S,SABc       
8546_12701,E,S,SABa       
8569_12701,S,S,SBab       
8443_12705,S,S,SABb       
8623_12702,S,S,Sc         
8448_3701,S,S,Sb         
9502_6101,S,S,SBab       
12685_12703,S,S,SBc        
8313_12703,S,S,Sbc        
12075_12703,S,S,SBab       
8610_6101,S,S,Sb         
9864_12701,E,E,E          
11980_12703,S,S,SABbc      
10214_6102,E,E,E          
8245_6102,S,S,SABbc      
9043_9102,E,E,E          
9889_12701,S,S,SABab      
10502_12705,S,S,SBa        
8946_12702,S,S,Sb         
10511_12705,S,S,SABc       
8993_12704,S,S,SBcd       
8624_12701,E,E,Edc        
8728_3704,E,E,Edc        
12652_12705,S,S,Sd         
8075_12702,E,E,E          
8456_12703,S,S,SBbc       
8337_12704,S,S,Sd         
8710_3702,S,S,Sa         
9036_12704,S,S,SABbc      
8462_3703,S,S,SBcd       
8092_12704,E,E,E          
8978_12702,S,S,SABb       
9192_3701,S,S,SABab      
11749_9101,S,E,Edc        
12067_12705,S,S,SABb       
7981_12702,E,E,E          
8309_12703,S,S,Sa         
8626_12703,S,S,SBb        
8486_12702,S,S,Sd         
8243_9101,S,S,Sc         
8157_1902,E,E,Edc        
8931_3701,S,S,Sab        
7979_9101,S,S,SABab      
12484_9101,S,S,Sab        
10500_1901,S,S,SABbc      
8458_12701,S,S,Sbc        
10213_12703,S,S,Sd         
8332_6103,S,S,SBa        
12651_1902,E,E,Edc        
8131_3704,E,E,E          
11866_12701,S,S,SBbc       
8341_9102,S,S,SABbc      
9042_6101,S,S,SBb        
11957_12701,S,S,SABab      
12094_12705,S,S,Sc         
11747_1901,S,S,Sa         
12083_9102,S,S,Sbc        
8335_6101,E,E,Edc        
9514_9101,S,S,SBab       
8718_12703,S,S,SBc        
9027_6103,S,S,Sa         
8147_6101,S,S,SABc       
9865_12704,S,S,Sc         
8337_3701,S,S,SBa        
8085_6103,E,E,Edc        
12075_9102,S,S,Sbc        
8988_6101,S,S,SABbc      
9194_3702,S,S,Sa         
8725_6103,E,E,Edc        
8148_12701,S,S,Sab        
10511_3703,S,S,Sb         
8443_12704,S,S,Sa         
12069_12702,S,S,SBd        
8257_3703,S,S,SBab       
11746_1902,E,E,Edc        
12485_3702,S,S,SBa        
9863_12703,S,S,Sb         
9869_12702,S,S,Sb         
8139_3703,S,S,Sd         
8147_6103,S,S,Sb         
11970_3702,S,S,Sc         
8332_12702,S,S,SBab       
7977_12705,S,S,SBbc       
9095_6101,S,S,Sbc        
8593_6104,S,S,SBab       
11750_3704,E,E,E          
9041_3702,S,S,Sbc        
8320_3702,S,S,SBab       
8239_6102,S,S,Sc         
8987_12701,E,E,E          
11963_12703,S,S,SBbc       
12488_3701,S,S,Sa         
11019_6104,S,S,Sc         
10839_9101,S,S,Sbc        
9883_3701,S,S,Sab        
12495_12703,S,S,SABbc      
9504_1902,S,S,SABbc      
8254_3704,S,S,SABbc      
10492_9101,S,S,SABab      
8137_3704,S,S,Sc         
11753_12705,S,S,Sd         
9091_9101,S,S,Sc         
9876_9102,S,S,SBab       
8554_6101,S,S,SBcd       
8985_12701,S,S,SBcd       
8654_6101,S,S,Sbc        
9882_12701,S,S,SABb       
11962_9101,S,S,SABbc      
9090_12701,E,E,E          
11980_12702,S,S,Sc         
9026_9101,S,S,SBab       
12622_1902,S,S,SBa        
12085_12703,S,S,SABb       
8588_12702,S,S,SBd        
11958_9102,S,S,SABb       
9485_12703,S,S,Sc         
7958_3704,S,E,Edc        
9870_6103,S,S,SBab       
8252_12703,S,S,Sbc        
8991_9102,E,E,Edc        
8939_6104,E,E,Edc        
11761_6102,S,S,Sbc        
12081_12704,S,S,Sbc        
10224_6103,S,S,SABc       
8247_12704,S,S,SABbc      
9509_6103,S,S,SABbc      
8610_6103,S,S,SABbc      
8616_9102,S,S,Scd        
9501_12701,S,S,Sbc        
9892_12704,S,S,Sb         
9188_9101,S,S,SABc       
9094_6104,S,S,Sb         
8987_12702,S,S,SBd        
11949_9102,S,S,SABb       
10843_9102,S,S,Sbc        
9508_6104,S,S,SABab      
9193_1902,E,E,E          
9191_12701,S,S,SBab       
8716_3701,S,S,SABb       
10500_3702,S,S,SABab      
9002_3703,E,E,Edc        
10495_3702,S,S,Sc         
9893_6104,S,S,SABbc      
8337_3703,S,S,Sc         
12080_6102,S,S,Sa         
8331_9101,E,E,Edc        
9869_9101,S,S,Sab        
10843_9101,S,S,Sb         
11007_6101,S,E,Edc        
12685_6104,E,E,Edc        
8252_1901,E,E,Edc        
9041_1902,S,S,Sb         
7815_12702,S,S,SABbc      
10492_3704,S,S,SABab      
9194_3701,E,E,Edc        
11747_3703,S,S,Sbc        
12651_3701,S,S,SABb       
8623_12703,S,S,SABb       
10520_3701,S,S,Sbc        
8657_3701,E,S,SABab      
10511_3701,S,S,Sc         
11958_12702,S,S,Sab        
8618_12701,S,S,Sd         
11024_12704,S,S,SABa       
8935_6102,S,E,Edc        
10500_3703,S,S,SABab      
11948_12702,S,S,Sbc        
11866_1902,S,S,SABc       
8983_1902,E,E,Edc        
8598_1901,S,S,SABc       
11834_6104,S,S,Sbc        
8083_1901,E,S,Sb         
8140_6102,S,S,Sab        
11753_6101,E,E,Edc        
11754_9102,S,S,Sa         
8936_1902,S,S,Sa         
8330_12704,S,S,Sc         
9894_12704,S,S,SABc       
8097_9101,E,E,E          
8481_1901,E,E,Edc        
9036_3704,E,E,Edc        
11745_12705,S,S,SBb        
12079_6104,E,E,E          
10518_12703,S,S,Sbc        
8595_12703,S,S,Sc         
10216_12703,S,S,SABbc      
8326_12703,S,S,SABc       
9875_9102,E,E,E          
9887_3703,S,S,SABb       
11962_3701,E,S,SABa       
8239_3703,E,E,E          
12090_9101,S,S,Sbc        
8144_3702,S,E,Edc        
9487_9101,S,S,SBab       
11867_3703,E,S,SABa       
11983_6101,E,E,Edc        
8258_12704,S,S,SBab       
8465_12705,S,S,SBb        
7981_9101,S,S,Sbc        
8550_6101,E,E,Edc        
9494_12701,S,S,Sc         
8331_3701,E,E,E          
8946_6103,S,S,SBc        
10520_3704,E,S,SABa       
8456_9102,S,S,Sbc        
8326_12702,S,S,Sbc        
8249_6101,S,S,SBb        
8613_12703,S,S,S-merger   
9871_6103,S,S,Sb         
8551_12701,S,S,SABbc      
8566_3701,S,S,Sa         
10846_12703,E,E,E          
8654_12704,S,S,SBbc       
12089_6101,S,S,SABab      
8711_12705,S,S,Sc         
10516_3704,S,S,Sab        
8082_12702,S,S,SABab      
8481_6101,E,E,E          
8158_12705,S,S,Scd        
11760_1902,E,E,Edc        
9049_9101,S,S,Sb         
8609_12703,S,S,SBab       
8652_12702,S,S,SABb       
9192_12701,S,S,SABbc      
8722_12702,E,S,SBab       
12511_6102,E,E,E          
8439_6103,S,S,Sb         
9048_12703,S,S,Sc         
8464_12702,S,S,Sbc        
11865_1901,S,S,SABab      
8484_9102,E,E,E          
9027_12702,S,S,Scd        
8453_6102,S,S,SBdm       
8253_3702,S,S,Sab        
10492_12703,S,S,Sab        
8335_6104,S,S,SABab      
7957_6104,S,S,SBc        
8312_12704,S,S,SBab       
9890_6102,S,S,Sab        
8328_3702,E,E,E          
8334_12701,S,S,Sc         
11830_9102,S,S,SABab      
10494_3701,S,S,Sb         
11955_3703,S,S,Sd         
8710_3704,S,S,SABa       
8562_6102,S,S,Sab        
11947_12704,S,S,SABa       
8312_3704,E,S,SBab       
12682_3701,E,E,Edc        
9893_6102,S,S,Sab        
11019_3704,S,E,E          
10496_12702,S,S,SABb       
10839_3704,S,S,Sb         
11979_12705,S,S,SBb        
12685_12702,S,S,Sbc        
8982_12703,S,S,SBd        
11940_9102,S,S,Sbc        
7990_12702,S,S,Sc         
9194_12705,S,S,Scd        
10222_1901,S,E,E          
9869_12703,S,S,Sab        
9191_12702,S,S,SABbc      
9001_12703,E,E,E          
8939_12702,S,S,Sa         
8997_12703,S,S,Sc         
9042_12701,S,S,Scd        
8591_6101,E,E,Edc        
8952_9101,S,S,Sa         
8601_3702,S,S,SBa        
9486_12703,S,S,Sbc        
9024_12701,S,S,Sb         
9870_12702,S,S,SBm        
12485_12703,S,S,SBab       
11982_12701,S,S,Sc         
8623_3702,S,S,Sa         
8933_6104,E,E,E          
8549_12701,S,S,SBab       
11976_3703,S,S,SBb        
11016_9102,S,S,Sbc        
7964_6102,S,S,SBcd       
8977_9102,S,S,SABab      
8616_6102,S,S,SABcd      
8566_1902,S,S,SBa        
8652_12703,S,S,SABc       
11831_12702,S,S,SBb        
11965_6103,S,S,Sb         
12081_6102,S,S,SABc       
7975_12702,E,E,E          
12518_6104,E,E,E          
8146_6103,S,S,SABc       
11747_12704,E,E,E          
12518_6103,S,S,SABb       
9510_6103,S,S,SBcd       
9032_12702,S,S,SBa        
8335_12702,S,S,SABc       
12087_6104,S,S,Sab        
11751_3704,S,E,Edc        
9034_3703,S,S,Sa         
8252_12701,S,S,SBm        
12079_3701,S,S,SABcd      
8442_6102,S,S,Scd        
11747_1902,E,E,E          
9032_12701,S,S,SBab       
8158_12704,E,E,Edc        
8932_3703,S,S,Sb         
9868_1901,E,E,E          
8604_12705,E,S,Sab        
10516_12704,S,S,SABc       
11944_9102,E,E,E          
12673_3702,S,S,SABab      
8241_6104,E,E,Edc        
11746_12702,S,S,SABc       
8250_9102,S,S,Sa         
9867_6101,S,S,SABb       
11863_6103,E,S,SABa       
12071_1902,S,S,Sa         
11871_12703,S,S,SBbc       
8466_9102,S,S,Scd        
9094_1902,S,S,Sm         
8654_6102,S,S,SABab      
9498_3704,E,E,Edc        
8465_12702,S,S,Sc         
11744_6104,E,E,E          
11952_9101,S,E,Edc        
8329_12701,S,S,Sc         
8565_1902,S,E,Edc        
8610_1902,E,E,Edc        
8256_12705,E,E,Edc        
10519_3702,E,S,Sa         
9095_12701,S,S,SBab       
9503_6104,S,S,SABbc      
8259_12705,E,E,E          
12080_12703,S,S,Scd        
11011_12705,S,S,Scd        
7965_6103,S,S,SABab      
8449_12701,S,S,SBd        
9872_6103,S,S,Sd         
10223_3704,S,S,SABa       
11963_9101,S,S,SABa       
8983_6104,S,S,Sa         
9185_3703,E,E,Edc        
8950_3704,S,S,Sbc        
8141_9102,S,S,SABc       
8486_12705,E,S,Sb         
8606_12701,S,S,SBc        
8332_9101,S,S,Sbc        
11868_3704,E,E,E          
12685_12705,S,S,Sbc        
11950_12704,S,S,Sc         
11952_1901,S,S,Sbc        
12485_3703,E,E,E          
8322_1902,S,S,Sa         
11024_12701,E,E,E          
9189_12703,S,S,Sc         
8097_6103,E,E,E          
11754_6104,S,S,SABa       
8438_6104,S,S,Sab        
8085_12704,S,S,SABbc      
8258_12701,S,S,SABc       
8334_6103,S,S,Sab        
9499_9101,S,S,Sab        
11949_12704,S,S,Sa         
8567_3703,S,S,SBa        
8711_3702,E,E,E          
8337_12703,S,S,SABc       
8984_12703,S,S,Sc         
8466_1901,S,S,Sa         
8148_3704,E,S,S-merger   
12084_3702,S,S,SBb        
9871_6101,S,S,SABb       
8725_12702,S,S,Sb         
12683_9101,S,S,SABab      
8329_9102,S,S,Sb         
10510_3703,E,E,E          
8137_9101,E,E,E          
11012_1902,S,S,Sa         
11942_6104,S,S,Sbc        
8553_9102,S,S,Sc         
9186_12702,S,S,Sc         
8454_1901,E,E,E          
8614_6102,S,S,Sb         
12483_6102,S,S,Sbc        
11004_3702,S,S,SABc       
10515_9101,S,S,SABcd      
9193_12704,S,S,Sa         
7981_12701,E,E,E          
8989_6102,S,S,Scd        
12483_3703,S,S,Sc         
11957_6103,S,S,SBbc       
8321_12703,S,S,SABbc      
8325_3701,S,S,SBab       
12512_3703,S,E,Edc        
8257_12705,S,S,Sc         
7992_6102,S,S,SBdm       
8082_6104,E,E,Edc        
9882_12705,S,S,Sbc        
9189_12704,S,S,SABc       
10498_3703,E,E,E          
8484_1902,S,S,SABbc      
8093_12704,S,S,SABbc      
9877_12701,E,S,SBa        
8588_6101,S,S,Sab        
12089_3704,E,E,Edc        
9045_9102,E,E,Edc        
9513_12702,S,S,SABc       
9188_6102,S,S,Sbc        
7981_6101,S,S,SBcd       
9504_6103,S,S,Sc         
11868_3703,E,E,E          
10222_12703,S,S,Sb         
11833_12703,S,S,Sc         
12506_6101,S,S,Scd        
9496_9101,S,S,Sbc        
9001_6101,S,S,SABd       
11024_6101,S,S,Sc         
9512_12702,E,E,Edc        
8443_9102,S,S,Sc         
7960_12702,S,S,Sc         
12066_12701,S,S,SABbc      
10838_3704,E,E,E          
8442_12701,S,S,Sc         
12667_12701,S,S,SABab      
11982_6104,S,S,SBbc       
8095_12704,S,S,SABbc      
10517_6104,S,S,Sc         
11939_12703,S,S,Sb         
8714_12701,E,E,Edc        
8597_9102,S,S,Sbc        
8255_12704,S,S,Sbc        
11834_6102,S,S,SABc       
8602_6102,S,S,SABc       
12491_3703,S,S,SABa       
11018_12705,S,E,E          
9864_1902,E,E,Edc        
10493_6103,E,E,E          
9038_12705,S,S,Sbc        
9889_1902,S,S,SABb       
8601_12705,S,S,SBab       
12067_9102,E,E,Edc        
12483_9101,S,S,Sc         
8454_1902,E,E,E          
12489_12703,S,S,Sc         
10496_6101,S,S,Sbc        
8438_12704,S,S,Sc         
11834_6103,S,S,SABb       
9498_3702,S,S,SABa       
8132_12703,S,S,SBbc       
9876_6102,S,S,Sa         
9865_3704,S,S,Sa         
9050_12702,E,E,Edc        
9508_12703,E,S,SBa        
11951_12704,S,S,SABb       
8456_12705,S,S,Sc         
8459_12703,S,S,SABb       
8487_12701,S,S,SABcd      
8091_3702,S,S,Sa         
9196_12705,E,E,Edc        
11754_6101,S,S,SABab      
11748_12705,S,S,Sa         
8652_3701,S,S,SABab      
9507_6102,S,S,Sc         
11025_9101,S,S,SBdm       
8601_9101,S,S,Sc         
10497_3704,S,S,Sbc        
9886_9102,E,E,Edc        
11951_6101,E,E,E          
11942_12701,S,S,Sbc        
8941_9102,S,S,Sa         
9188_6101,E,E,E          
12071_6102,S,S,SBc        
8484_12702,S,S,SABb       
9491_12704,S,S,Sb         
8951_6101,S,S,SBab       
11823_1902,S,E,Edc        
9867_12702,S,S,SABbc      
9889_3702,S,E,Edc        
8484_6104,S,S,SABcd      
8567_9102,S,S,Sb         
8141_1902,S,S,Sa         
11978_3703,S,E,Edc        
9894_9101,E,E,E          
8482_6103,E,E,Edc        
11010_9101,S,S,SABcd      
11828_6102,S,S,SABab      
8458_6102,S,S,Sd         
9887_12701,S,S,Sbc        
11006_6104,S,S,Sb         
8247_6101,S,E,Edc        
8725_1902,E,E,Edc        
8617_3703,E,E,Edc        
12488_1901,S,S,Sa         
8133_6102,E,S,Sc         
7993_12705,S,S,Sc         
8156_12705,S,S,Sd         
8609_12701,S,S,SBab       
7962_3703,S,S,Sa         
8995_12701,E,E,Edc        
8245_9101,S,S,SABd       
8080_9102,S,S,SBb        
7815_3702,S,S,SABab      
9046_1901,S,S,Sa         
8157_12705,S,S,SBab       
8321_9102,S,S,Sb         
9509_12701,S,S,Sc         
9880_6102,S,S,Sab        
11868_12701,S,S,Scd        
8598_1902,S,S,Sa         
7981_3701,E,E,E          
9184_6101,S,E,E          
8617_9102,E,E,Edc        
9497_12703,S,S,SBbc       
8441_12701,S,S,Sbc        
8461_12701,E,E,Edc        
8724_12704,S,S,Sbc        
8721_1901,S,E,E          
12487_6101,S,S,SBa        
12066_6101,S,S,Sa         
9000_12701,E,E,E          
8600_12701,S,S,SBc        
8651_1902,S,S,SABab      
9884_12705,S,S,SBb        
12090_12701,S,S,Sbc        
8934_3702,S,E,E          
8446_12704,S,S,SABb       
8315_6102,E,E,E          
8598_12705,S,S,Sb         
12514_12703,S,S,Sc         
10213_12704,E,E,Edc        
8459_1901,S,S,Sab        
8713_3703,S,E,Edc        
11953_12704,S,S,Sc         
8095_3704,E,E,E          
11872_12702,S,S,SBb        
8612_12705,S,S,SBb        
11752_12702,S,S,Sbc        
7991_12701,S,S,SABc       
11760_3702,S,S,SBb        
11020_3701,E,S,SABa       
8485_12701,S,S,SABcd      
11956_1901,E,S,Sab        
8553_12704,S,S,Sbc        
8085_6104,S,S,SAB        
8943_3701,E,E,Edc        
10001_9101,S,S,SBd        
8652_12705,S,S,Sc         
9002_12705,S,S,SABc       
12510_3701,S,S,Sb         
7443_9101,S,S,SABbc      
9505_12704,S,S,SBbc       
8149_9102,S,S,SABab      
8091_12704,S,S,SABb       
8087_12704,S,S,SABc       
8325_6103,E,E,E          
8941_12701,S,S,Sbc        
8465_12704,S,S,Sb         
9041_3701,E,E,E          
9085_9101,S,S,SBab       
8939_1901,E,E,Edc        
8240_6101,S,S,SABc       
9510_9101,S,S,SABb       
12082_12704,S,S,SABd       
8981_3701,E,S,Sa         
8249_12704,S,S,Sc         
11958_6102,S,S,SBb        
11754_9101,E,E,Edc        
8248_3701,S,S,SBa        
8450_12702,S,S,SBcd       
8996_6101,S,S,Sbc        
8601_12702,S,S,SBcd       
8077_12703,S,S,SBab       
8252_3701,S,S,Sa         
12683_12703,S,S,Sbc        
9030_12704,S,S,SABc       
12682_12701,E,E,E          
8447_3702,E,E,Edc        
8447_12703,S,S,SABc       
8083_12701,S,S,Sc         
11978_6103,S,E,Edc        
8617_12701,S,S,SABbc      
8259_3702,S,S,Sab        
9892_12701,S,S,SABb       
8616_12702,S,S,SBab       
7963_12703,S,S,Sbc        
8944_12703,S,S,Sc         
9872_3702,S,S,SBcd       
8091_12703,S,S,Sbc        
8984_12704,S,S,SBab       
10001_3702,S,E,E          
8978_12701,S,S,Scd        
8143_3704,E,E,E          
8239_12704,S,S,SBd        
11015_12702,S,S,Sb         
9086_12704,S,S,SABb       
9872_9101,S,S,SABb       
10001_3704,S,E,E          
8936_12705,S,S,SABa       
9087_3703,E,E,Edc        
8554_12705,S,S,SBab       
11759_6101,S,S,Scd        
8483_6104,E,E,Edc        
8158_3702,E,S,Sc         
10519_1901,S,S,SABa       
9499_6101,S,S,SBab       
8330_6104,E,E,Edc        
11748_3702,S,S,SABa       
11948_6101,S,S,Sab        
11760_12703,S,S,SABb       
12092_9102,S,S,SABcd      
8320_9101,S,S,Sc         
8464_12703,S,S,Scd        
8243_12705,S,S,SBc        
9024_6104,E,E,Edc        
9505_1901,E,E,Edc        
12090_6104,E,E,Edc        
10223_3703,S,S,SBab       
9087_6103,E,E,E          
9196_6102,E,E,E          
8140_3704,E,E,E          
8993_6103,E,E,E          
8563_3701,S,S,SABcd      
11749_12701,S,S,SABc       
9002_6104,E,E,Edc        
8567_12704,S,S,Sab        
11960_12705,S,S,SBb        
8977_6102,S,S,SABbc      
9087_12701,S,S,SBbc       
8998_12704,S,S,SABc       
9002_3701,E,E,Edc        
10841_12702,S,S,SABcd      
11019_12704,S,S,Sab        
8143_9102,S,S,SABc       
10509_9102,E,E,E          
9866_9101,E,E,E          
9181_3703,S,S,Sc         
8550_1901,E,E,Edc        
12682_1901,E,E,Edc        
8992_9102,S,E,E          
8711_12704,S,E,Edc        
12685_1901,S,E,E          
11761_6101,S,S,Sa         
8934_12702,S,S,SBbc       
8562_9101,E,S,Sa         
11826_9101,S,S,SABcd      
8711_6104,S,S,Sb         
8455_3701,S,S,SBcd       
10494_9102,S,S,SBb        
8486_6102,S,S,Sd         
8547_12701,S,S,SBa        
9498_1901,E,E,Edc        
8250_3703,S,E,Edc        
8144_12705,S,S,Sc         
7958_12704,S,S,SABc       
8338_9101,S,S,SBbc       
9025_6102,E,E,E          
9037_12703,S,S,Sc         
9046_12704,S,S,Sab        
9486_6104,E,E,E          
11824_6103,E,E,E          
10222_6101,S,S,Sab        
10501_12704,S,S,Sc         
11018_6101,S,S,Sbc        
12769_3701,E,S,SBa        
8310_6101,E,E,E          
9506_6103,E,E,E          
8328_3703,E,E,E          
7958_6101,S,S,SBb        
9498_1902,S,S,SABab      
11981_12705,E,E,E          
8254_6102,S,S,Sbc        
7957_12703,S,S,Sa         
8153_12702,S,S,Sb         
11968_6102,S,S,SBa        
11021_6104,E,E,E          
9188_9102,S,S,Sd         
8944_6103,S,S,Sa         
8565_12702,E,E,E          
8937_12705,E,E,E          
8254_12704,S,S,SABbc      
12673_3701,E,E,E          
8712_1901,S,S,SBa        
9868_9102,S,S,SABbc      
11977_12701,S,S,Sbc        
10838_12705,S,S,Sb         
11942_9101,S,S,SABc       
9192_1901,S,S,Sab        
8941_1901,S,S,SBbc       
8252_3703,S,S,SABc       
8330_6101,S,E,Edc        
8609_6102,E,E,Edc        
7980_6102,S,S,SBb        
8319_1901,E,E,E          
11943_6103,E,E,Edc        
8324_6104,S,S,SABab      
8250_12704,S,S,S          
12624_12704,S,S,SABd       
11742_6103,E,E,E          
12075_1901,E,E,E          
9503_12704,S,S,SABbc      
12673_9101,S,S,Sc         
8134_6101,E,E,E          
12652_3704,S,E,E          
8439_1901,S,E,Edc        
9502_9101,E,E,Edc        
8596_6101,S,S,SABb       
9093_12704,S,S,Sbc        
12769_12703,S,S,SABc       
8602_6101,S,S,Sc         
9040_12703,S,S,Sd         
11970_6102,S,S,SBb        
8321_12704,S,S,SABab      
8143_6101,S,S,SABa       
11982_6102,S,S,SBbc       
8462_12703,S,S,SBcd       
8610_12703,S,S,SABb       
9093_12702,S,S,SABcd      
9050_9102,S,S,Sab        
8623_1901,S,S,SBab       
10501_3703,S,S,Sbc        
11977_3703,E,E,Edc        
9031_12704,S,S,Sc         
11009_9101,S,S,SBab       
12512_6103,E,E,Edc        
8321_12705,S,S,SABb       
11753_3702,S,S,SABb       
10513_12704,S,S,SBab       
11942_6102,S,S,SBcd       
12495_6103,S,S,SABb       
8087_1902,E,E,Edc        
9027_12704,S,S,SBa        
11010_6103,S,S,SBd        
7443_3704,S,S,SABa       
8618_6104,E,E,Edc        
8656_6104,S,S,SABb       
8596_3701,S,S,Sa         
8714_3702,E,E,Edc        
8083_1902,E,E,Edc        
8448_12705,S,S,SBd        
8948_6101,S,S,Sbc        
8931_1901,E,S,SBa        
9492_12704,S,S,SBb        
10508_12705,S,S,SBb        
8152_6103,E,E,E          
8461_3702,E,E,Edc        
9035_6101,E,S,Sa         
9867_12705,E,E,Edc        
8154_12704,S,S,SABab      
8241_3704,S,S,Sbc        
8147_3703,S,S,Sa         
8333_3703,E,E,Edc        
12487_3703,S,S,SABb       
8448_9101,S,S,Sbc        
8154_6102,S,S,SBdm       
11004_12703,S,S,Sb         
8939_6102,S,S,SABcd      
10837_12701,S,S,Sm         
8310_3704,S,S,SABbc      
8933_12701,S,S,Sb         
8553_3702,E,E,E          
12094_12702,S,S,SABb       
9045_3701,E,S,Sa         
8331_3702,E,E,Edc        
8332_3702,S,S,Sb         
8134_12704,S,S,SABbc      
9184_1902,S,S,Sab        
11866_9102,S,S,SABc       
8945_12704,S,S,Sd         
8983_3704,S,S,SBab       
8239_1901,S,S,Sab        
10498_9102,E,E,E          
10845_6101,S,S,Sb         
8443_6102,S,S,SBa        
11956_12705,S,S,Sc         
8561_9101,S,S,Sc         
8152_12702,S,S,Sd         
11976_12701,S,S,SABbc      
11981_12702,S,S,SABc       
8261_12704,S,S,Sc         
9094_12701,S,S,Sbc        
11835_3701,E,E,E          
8569_12705,S,S,Sc         
11011_12703,S,S,SBb        
8952_3701,S,S,SBab       
9196_12703,S,S,SBb        
8243_12701,S,S,Sbc        
8084_3702,S,S,Sb         
12088_12701,S,S,SABb       
12087_12701,S,S,Sbc        
12071_6103,E,E,Edc        
11866_6104,E,E,E          
8979_12702,E,E,Edc        
10492_12702,S,S,SABb       
9489_6102,S,S,SBab       
11940_1901,S,S,S          
8328_1902,S,S,Sa         
12090_6102,S,S,Sa         
10502_6101,E,E,Edc        
8149_3701,S,S,SBa        
8613_3704,E,E,E          
11954_12702,S,S,SABab      
8134_9102,S,S,SBab       
8549_9102,S,S,Sbc        
9495_12703,S,S,Scd        
8314_12702,S,S,SABb       
11958_12703,E,E,E          
9034_9101,S,S,Sa         
9889_12704,S,S,Sbc        
10214_9101,E,E,Edc        
10221_6101,S,S,SBd        
9182_6101,S,S,SBab       
11743_12705,S,S,SABc       
12483_12703,S,S,SABbc      
8592_6104,S,S,Sb         
9878_12705,S,S,Sb         
11838_12702,S,S,Sb         
12487_6104,S,S,SBa        
8950_9102,S,S,Sa         
9086_3703,S,S,Sb         
8329_3704,S,S,Sab        
12651_12704,E,E,E          
12652_9102,S,S,SABab      
9882_6102,S,S,SBab       
11824_12705,S,S,Sc         
8987_9101,S,S,SABb       
8153_6104,E,E,Edc        
8612_9101,S,S,SABc       
11755_9102,S,S,SABbc      
8329_12702,S,S,Scd        
7965_3704,S,S,Sc         
9196_3703,S,S,SBa        
8323_6101,S,S,SBab       
11021_6103,S,S,SABcd      
9503_12705,S,S,SABd       
8093_12702,S,S,SABdm      
9499_12705,S,S,Sab        
11826_12703,S,S,Scd        
12674_9101,S,S,Sb         
9048_3704,S,E,Edc        
10507_6102,S,S,Sbc        
11018_12704,S,S,SABc       
9509_6102,E,E,E          
12487_12702,E,E,E          
9039_3704,E,E,Edc        
8247_1901,E,E,E          
8321_3704,E,E,E          
8078_9102,S,S,Sa         
8134_12705,S,S,Sbc        
7964_12703,S,S,SABa       
11871_12701,S,S,Sbc        
8146_3703,S,S,SABab      
8080_12703,S,S,SABbc      
10499_12704,S,S,SABab      
8624_9101,S,S,Sc         
8713_6104,S,S,Sc         
10498_12705,S,S,SABc       
8657_6101,S,S,SBab       
8133_12702,S,S,Sab        
9863_6103,S,S,Sab        
8326_3704,S,S,SBa        
8454_9101,S,E,Edc        
12084_6103,E,E,Edc        
11948_9102,S,S,Scd        
8326_12705,S,S,SBcd       
12651_9101,S,S,SBab       
8135_1901,S,E,Edc        
8591_12701,S,S,SBcd       
8333_12705,S,S,Sc         
9088_1901,S,S,Scd        
8992_6104,E,E,Edc        
8624_6104,E,E,E          
12510_6103,S,E,E          
9503_12703,S,S,SABd       
12078_6103,S,S,Sbc        
8317_12703,S,S,Sb         
8249_3702,S,S,Sab        
8554_9101,S,S,SBd        
8485_3702,S,S,SABc       
9494_3701,S,S,Sa         
9044_6101,S,S,Sbc        
10838_12704,S,S,Scd        
12487_12701,S,S,Sc         
11970_12703,S,S,Sbc        
8134_12701,S,S,SBc        
11953_3703,E,E,E          
11940_12702,S,S,SAB-merger 
9485_1902,S,E,E          
8320_1902,E,E,Edc        
8075_12701,S,S,Sc         
8317_12702,E,E,Edc        
8149_6102,S,S,Sc         
8657_9101,S,S,Scd        
8447_6102,E,E,Edc        
10508_9102,E,S,Sa         
8444_12705,S,S,SABdm      
9000_12705,S,S,Sc         
11943_12702,S,S,Sa         
12079_12702,S,S,Sc         
10223_12705,S,S,Sc         
12620_12704,S,S,Sc         
8309_6102,E,E,Edc        
9029_3701,E,S,Sb         
8717_3701,E,E,E          
7964_12702,S,S,SABab      
9091_12704,S,S,SABb       
12489_6103,S,S,Sbc        
